{"cameraMode":{"drawMode":0,"name":"Shaded","section":"Shading Mode"},"sceneLighting":true,"audioPlay":false,"sceneViewState":{"showFog":true,"showMaterialUpdate":false,"showSkybox":true,"showFlares":true,"showImageEffects":true,"showParticleSystems":true,"showVisualEffectGraphs":true,"m_FxEnabled":true},"in2DMode":false,"pivot":{"x":-0.01857587695121765,"y":-0.8067365884780884,"z":-0.19729146361351014},"rotation":{"x":-0.062421027570962909,"y":0.927741527557373,"z":-0.18064618110656739,"w":-0.32057517766952517},"size":3.3073947429656984,"orthographic":false}